"term","estimate","std.error","statistic","p.value"
"(Intercept)",4.6779094572401,0.0828015903089317,56.4954059431332,1.83966453004976e-103
"direito_h",0.271258480766907,0.0625171747454491,4.33894336830461,2.60813589603278e-05
"PIB",4.18558805925643e-05,4.56599608465366e-06,9.16686738590123,3.33319445722201e-16
"direito_h:PIB",-5.42031265878518e-06,1.90627273993084e-06,-2.84340878681496,0.00508197769159327
