"term","df","sumsq","meansq","statistic","p.value"
"direito_h",1,61.855562545177,61.855562545177,120.387412814625,5.77408038081032e-21
"PIB",1,44.0633544457706,44.0633544457706,85.7590331958546,1.90544621301875e-16
"direito_h:PIB",1,4.15409363905263,4.15409363905263,8.08497352893654,0.00508197769159326
"Residuals",151,77.5844394854135,0.513804235002739,NA,NA
