"var","avg","sd","min","max"
"PIB",17686.2,19466.8,732.546044598195,123321.424579033
"PIB[log]",9.2,1.2,6.59652619843537,11.722549433823
"Indice_Satisfacao",5.4,1.1,3.399021353,7.6956792275
"Escore_D_Humano",0.3,1.5,-2.7864228506,5.121689089
